,precision,recall,f1-score,support
billing,1.0,0.5,0.6666666666666666,2.0
general,0.5,1.0,0.6666666666666666,1.0
tech_support,1.0,1.0,1.0,1.0
accuracy,0.75,0.75,0.75,0.75
macro avg,0.8333333333333334,0.8333333333333334,0.7777777777777777,4.0
weighted avg,0.875,0.75,0.75,4.0
